particle_id,vx,vy,vz,px,py,pz,q,nhits
4504080663707648,-0.00928816,0.00986098,-0.0778789,-0.563433,0.30537,6.16712,-1,14
4510540294520832,-0.00928816,0.00986098,-0.0778789,0.665945,0.25311,7.37881,1,13
4512601878822912,-0.00928816,0.00986098,-0.0778789,-1.18593,-0.231733,17.928,-1,12
4515556816322560,-0.00928816,0.00986098,-0.0778789,0.0343578,0.249104,2.83921,-1,13
4521879008182272,-0.00928816,0.00986098,-0.0778789,0.297742,0.0652135,6.00706,1,15
4535210586669056,-0.00928816,0.00986098,-0.0778789,0.0344277,0.44566,5.28175,-1,14
